{"global_step": 99, "_timestamp": 1675352527.71728, "test_loss": 198.0, "_runtime": 1.825314998626709, "_step": 99, "_wandb": {"runtime": 0}}